,by,descendants,id,kids,score,time,title,type,url,text
0,msephton,14.0,41298312,"[41298897, 41298824, 41298880, 41298694, 41298752, 41298635, 41298894]",36,1724145888,&udm=14 for Safari (iOS/iPadOS),story,https://apps.apple.com/gb/app/udm14-for-safari/id6520379591,
1,rd07,30.0,41297609,"[41297978, 41298653, 41298349, 41298124, 41298731, 41297665, 41298433, 41297692, 41298263, 41298767, 41298096, 41298354, 41298662, 41298338]",96,1724138134,Pragtical: Practical and pragmatic code editor,story,https://pragtical.dev/,
2,kaycebasques,43.0,41296481,"[41297794, 41298641, 41298043, 41297589, 41297722, 41297879, 41297843, 41298398, 41297842, 41298890, 41297554, 41298760, 41298144, 41297545, 41297967, 41298339, 41297790, 41297539, 41298609, 41297729]",161,1724124627,Sourcegraph went dark,story,https://eric-fritz.com/articles/sourcegraph-went-dark/,
3,darknavi,206.0,41294067,"[41297700, 41294191, 41295997, 41294605, 41295460, 41297849, 41294114, 41295052, 41294085, 41294883, 41294789, 41294733, 41295109, 41294306, 41294133, 41294657, 41294478, 41295119, 41295214, 41296133, 41294933, 41295012, 41294351]",493,1724096962,13ft – A site similar to 12ft.io but self-hosted,story,https://github.com/wasi-master/13ft,
4,tndl,138.0,41291219,"[41293285, 41292130, 41293289, 41293322, 41292983, 41298232, 41293127, 41293971, 41297509, 41293227, 41297428, 41296151, 41293203, 41295979, 41295231, 41293993, 41295059, 41294032, 41297914, 41293740, 41295447, 41293282, 41294467, 41294038, 41293288, 41294159, 41297055, 41292244, 41292117, 41294947, 41293694, 41293987, 41293347, 41292643, 41298051, 41293588, 41295408, 41293880, 41293330, 41293287, 41294221, 41293302, 41293837]",315,1724076816,Launch HN: Sorcerer (YC S24) – Weather balloons that collect more data,story,,"Hey HN! We’re Max, Alex, and Austin, the team behind Sorcerer (<a href=""https:&#x2F;&#x2F;sorcerer.earth"">https:&#x2F;&#x2F;sorcerer.earth</a>). Sorcerer builds weather balloons that last for over six months, collecting 1000x more data per dollar and reaching previously inaccessible regions.<p>In 1981, weather disasters caused $3.5 billion in damages in the United States. In 2023, that number was $94.9 billion (<a href=""https:&#x2F;&#x2F;www.ncei.noaa.gov&#x2F;access&#x2F;billions&#x2F;time-series"" rel=""nofollow"">https:&#x2F;&#x2F;www.ncei.noaa.gov&#x2F;access&#x2F;billions&#x2F;time-series</a>). The National Weather Service spends billions annually on its network of weather balloons, satellites, and aircraft sensors – generating hundreds of terabytes of data every day. This data, called observation data, is fed into massive supercomputers running advanced physics to produce global weather forecasts. Despite this cost, there are still places in the US where we don&#x27;t know what the temperature will be two days from now: <a href=""https:&#x2F;&#x2F;www.washingtonpost.com&#x2F;climate-environment&#x2F;interactive&#x2F;2024&#x2F;how-accurate-is-the-weather-forecast&#x2F;"" rel=""nofollow"">https:&#x2F;&#x2F;www.washingtonpost.com&#x2F;climate-environment&#x2F;interacti...</a>. And for the rest of the world that lacks weather infrastructure? There’s always the Weather Rock: <a href=""https:&#x2F;&#x2F;en.wikipedia.org&#x2F;wiki&#x2F;Weather_rock"" rel=""nofollow"">https:&#x2F;&#x2F;en.wikipedia.org&#x2F;wiki&#x2F;Weather_rock</a>.<p>The most important data for these forecasts come from vertical data ‘slices’ of the atmosphere, called soundings. Every day 2,500 single-use latex radiosondes are launched across the globe to collect these soundings. They stay aloft for about two hours before popping and falling back to Earth. Launch sites for these systems are sparse in Latin America and Africa, and they’re completely non-existent over oceans. This leaves about 80% of the globe with inadequate weather data for accurate predictions.<p>The coverage gap became painfully evident to Max and Alex during their time at Urban Sky. While building balloons for high-altitude aerial imaging, they kept running into a problem: no matter what weather forecast they used, they couldn’t get accurate wind predictions for the upper atmosphere. They tried all of the free and commercial forecast products, but none of them were accurate enough. Digging into it more, we learned that a big part of the problem was the lack of high-quality in-situ data at those altitudes.<p>To solve this problem, our systems ascend and descend between sea level and 65,000ft several times a day to collect vertical data soundings. Each vehicle (balloon + payload) weighs less than a pound and can be launched from anywhere in the world, per the FAA and ICAO reg. Here’s one we launched from Potrero Hill in SF, <a href=""https:&#x2F;&#x2F;youtu.be&#x2F;75fN5WpRWH0"" rel=""nofollow"">https:&#x2F;&#x2F;youtu.be&#x2F;75fN5WpRWH0</a> and here’s another near the Golden Gate Bridge, <a href=""https:&#x2F;&#x2F;youtu.be&#x2F;7yLmzLPUFVQ"" rel=""nofollow"">https:&#x2F;&#x2F;youtu.be&#x2F;7yLmzLPUFVQ</a>. Although we can’t “drive” these balloons laterally, we can use opposing wind layers to target or avoid specific regions. Here’s what a few simulated flight paths look like, to give you an idea: <a href=""https:&#x2F;&#x2F;youtu.be&#x2F;F_Di8cjaEUY"" rel=""nofollow"">https:&#x2F;&#x2F;youtu.be&#x2F;F_Di8cjaEUY</a><p>Our payload uses a satellite transceiver for communications and a small, thin film solar panel array to generate power. In addition to the weather data, we also get real-time telemetry from the vehicles, which we use to optimize their flight paths. This includes maintaining the optimal spacing between balloons and steering them to a recovery zone at the end of their lifespan so we can recycle them.<p>These systems spend most of their time in the stratosphere which is an extremely unforgiving environment. We’ll often see temperatures as low as -80°C while flying near the equator. Throughout the day, we experience extreme temperature cycling as they ascend and descend through the atmosphere. We’ll often encounter 100mph+ wind shears near the boundary with the troposphere (the tropopause) that can rip apart the balloon envelope. These conditions make the stratosphere a very difficult place to deploy to prod.<p>The real magic of what we’re building will come into play when we have hundreds of these systems in the air over data-sparse regions. But even now, we can do useful and interesting things with them. Some of our early customers are companies who fly very big, very expensive things into the stratosphere. They use our balloons to give them a clear idea of what conditions are ahead of their operations, and we’re working on a forecast product specifically designed for the stratosphere.<p>The combination of long duration and low cost is novel. We can theoretically maintain thousands of balloons in the atmosphere at any given time for a tenth of the cost of one useful weather satellite. We’re also using the data we collect to train AI models that produce forecasts with better accuracy than existing numerical (supercomputer) forecasts. Because we’re collecting totally unique data over areas that lack observation, our models will maintain a consistent edge versus models that are only trained on open data.<p>We’re really excited to be launching Sorcerer here with you! We’d love to hear what you think. And if you find one of our balloons in the Bay Area: Sorry! It’s still a work in progress (and please get it back to us).<p>I’ll leave you all with a bonus video of Paul Buchheit launching one of our balloons, which we thought was pretty cool: <a href=""https:&#x2F;&#x2F;www.youtube.com&#x2F;watch?v=-sngF9VvDzg"" rel=""nofollow"">https:&#x2F;&#x2F;www.youtube.com&#x2F;watch?v=-sngF9VvDzg</a>"
5,notagoodidea,40.0,41253850,"[41297088, 41297280, 41296824, 41296601, 41295787, 41295939, 41297678, 41297640, 41296437, 41295707, 41296411, 41296038]",254,1723707474,Let's Write a Reverb,story,https://signalsmith-audio.co.uk/writing/2021/lets-write-a-reverb/,
6,chx,28.0,41298430,"[41298967, 41298840, 41298741, 41298723, 41298673, 41298630, 41298652, 41298640, 41298712, 41298704, 41298682, 41298799]",133,1724147105,I picked up a shitty NUC from ewaste and it had a label on it for an AI company,story,https://digipres.club/@foone/112990331505043510,
7,pabs3,7.0,41298116,"[41298842, 41298867, 41298777, 41298788]",24,1724143623,Go automatically downloads a newer toolchain if needed,story,https://kokada.capivaras.dev/blog/quick-bits-go-automatically-downloads-a-newer-toolchain-if-needed/,
8,nichochar,24.0,41291700,"[41298181, 41298080, 41296423, 41298455, 41297057, 41296715, 41296522, 41291911, 41296486, 41297278, 41298063, 41296779]",111,1724080196,Show HN: Srcbook – A TypeScript notebook for rapid prototyping,story,https://github.com/srcbookdev/srcbook,"Srcbook (”source-book”) is an open-source TypeScript notebook that runs locally, powered by Node.js. It shines for rapid prototyping, code exploration, and collaborating on ideas. It’s inspired by Python’s Jupyter and Elixir’s Livebook.<p>Key features:<p>- Full npm ecosystem access<p>- AI-assisted coding (OpenAI, Anthropic, or local models), it can iterate on the cells for you with a code diff UX that you accept&#x2F;reject for a given code cell, generate entire Srcbooks, fix compilation issues, etc…<p>- Exports to valid markdown for easy sharing and version control<p>Try it now: `npx srcbook start`<p>Examples Srcbooks to explore: <a href=""https:&#x2F;&#x2F;hub.srcbook.com"">https:&#x2F;&#x2F;hub.srcbook.com</a><p>We built this because we needed a Jupyter-like environment for TypeScript, we hope others like it as much as we do! Feedback and contributions are super appreciated.<p>(edit: formatting)"
9,Rush2112,6.0,41282157,"[41298700, 41298678, 41282158]",22,1723986593,Convert Markdown files to RSS feed,story,https://github.com/TimoKats/mdrss,
10,tomodachi94,16.0,41262010,"[41297953, 41298060, 41298215, 41298068]",48,1723769119,When Nothing Ever Goes Out of Print: Maintaining Backlist Ebooks (2016),story,https://teresaelsey.medium.com/when-nothing-ever-goes-out-of-print-maintaining-backlist-ebooks-fcd63e680667,
11,Gigamouse,0.0,41298766,,9,1724151105,A Lego Model of Capitalist Central Planning,story,https://www.asomo.co/p/lego-capitalist-central-planning,
12,wglb,30.0,41294202,"[41296184, 41295165, 41295870, 41295614, 41295914, 41297043, 41296371]",121,1724098248,'Rare species' not seen in the area for 50 years spotted on Arizona trail camera,story,https://phys.org/news/2024-08-rare-species-area-years-arizona.html,
13,nolist_policy,4.0,41298522,[41298882],23,1724148264,Copilot turns a court reporter into a child molester,story,https://www.heise.de/en/news/Copilot-turns-a-court-reporter-into-a-child-molester-9840612.html,
14,animal_spirits,33.0,41293929,"[41294688, 41295595, 41298402, 41294563, 41295194, 41297379, 41297021, 41294661]",139,1724095922,Lenticular Clock,story,https://www.instructables.com/Lenticular-Clock/,
15,torstenvl,71.0,41295433,"[41295603, 41295857, 41295630, 41296049, 41297654, 41298170, 41298203, 41295634, 41298817, 41296362, 41297092, 41298239, 41296108, 41296087, 41298399, 41296467, 41295912]",122,1724110501,On the cruelty of really teaching computing science (1988),story,https://www.cs.utexas.edu/~EWD/transcriptions/EWD10xx/EWD1036.html,
16,surprisetalk,21.0,41255975,"[41298787, 41298913, 41297916, 41297786, 41297743, 41297971, 41297908]",37,1723729410,Against the Advice of My Superintelligence,story,https://taylor.town/my-superintelligence,
17,panarky,68.0,41293901,"[41297419, 41295127, 41298805, 41298685, 41296164, 41294995, 41296007, 41295019, 41298311, 41294641, 41296099, 41298356, 41294986, 41296235, 41296757, 41295615, 41295481, 41295651, 41296797, 41295683, 41296306, 41296299, 41294595, 41295202]",137,1724095702,Music recommendation system using transformer models,story,https://research.google/blog/transformers-in-music-recommendation/,
18,maidul,,41295845,,1,1724115651,Infisical (YC W23) Is Hiring Full Stack Engineer (Remote),job,https://www.ycombinator.com/companies/infisical/jobs/HD8NQOP-full-stack-engineer,
19,ustad,0.0,41257314,,5,1723736376,Blockdiag – simple diagram images generator – blockdiag 1.0 documentation,story,http://blockdiag.com/en/index.html,
20,peterburkimsher,26.0,41295390,"[41297235, 41297287, 41297755, 41297404, 41297845, 41297218, 41297668, 41297349]",45,1724109863,RP2040 Hid Remapper,story,https://github.com/jfedor2/hid-remapper,
21,mtlebe,1.0,41253198,[41298587],13,1723697708,Want to Win a Bike Race? Hack Your Rival's Wireless Shifters,story,https://www.wired.com/story/shimano-wireless-bicycle-shifter-jamming-replay-attacks/,
22,diggan,48.0,41268540,"[41294403, 41295396, 41296671, 41294755, 41295450, 41294669, 41296233, 41295967, 41297932, 41294556, 41298401]",93,1723830010,"Spine – 2D skeletal animation for games, with physical secondary motions",story,https://en.esotericsoftware.com/,
23,davidbarker,49.0,41297563,"[41298941, 41298510, 41298359, 41298478, 41298221, 41298749, 41298579, 41298730, 41298592, 41297922, 41298318, 41298735, 41298672, 41298693]",60,1724137776,The U.S. Navy's $100M Checkbox (2019),story,https://adrian3.com/blog/2019/2019-09-28-The-US-Navys-100-million-dollar-checkbox.php,
24,dbaupp,1.0,41298636,"[41298798, 41298677]",6,1724149608,Ethically Sourced Lena Picture,story,https://mortenhannemose.github.io/lena/,
25,magnat,117.0,41293767,"[41294839, 41295200, 41294584, 41294902, 41294016, 41294404, 41295911, 41295859, 41295034, 41295183, 41294026, 41297594, 41295164, 41295281, 41294402, 41295324, 41295308, 41295215]",183,1724094419,The guidance system and computer of the Minuteman III nuclear missile,story,http://www.righto.com/2024/08/minuteman-guidance-computer.html,
26,ahubert,197.0,41292018,"[41292982, 41292379, 41292389, 41293135, 41292466, 41293172, 41292665, 41293602, 41293385, 41294013, 41292658, 41292952, 41293923, 41294059, 41292962, 41294643, 41294341, 41293413, 41292357, 41292705, 41295568, 41294758, 41293447, 41293145, 41293756, 41297149, 41292475, 41292435, 41294642, 41292941, 41292591, 41294813, 41292099, 41292347, 41294508]",393,1724082319,The gigantic and unregulated power plants in the cloud,story,https://berthub.eu/articles/posts/the-gigantic-unregulated-power-plants-in-the-cloud/,
27,ramimac,16.0,41293847,"[41298472, 41296871, 41295742, 41297677, 41298172, 41297045]",62,1724095164,Client-side filtering of private data is a bad idea,story,https://mjg59.dreamwidth.org/70061.html,
28,thunderbong,1.0,41296274,[41298661],18,1724121557,Neo Geo Dev: Fixed Point Numbers,story,https://mattgreer.dev/blog/neo-geo-dev-fixed-point/,
29,MaxikCZ,21.0,41297406,"[41298832, 41298632, 41298561, 41298463, 41297666, 41297407, 41297595, 41297583, 41297624, 41297869]",48,1724135979,Shapez2 Released,story,https://shapez2.com/,
30,hasheddan,30.0,41292784,"[41296750, 41293932, 41293869, 41293575, 41294895, 41294930, 41296088, 41294118, 41293523, 41295664, 41297623, 41294241, 41293462, 41294831]",121,1724087652,Migrating Mess with DNS to Use PowerDNS,story,https://jvns.ca/blog/2024/08/19/migrating-mess-with-dns-to-use-powerdns/,
31,goranmoomin,55.0,41293381,"[41297816, 41293863, 41295189, 41293702, 41295005, 41294741, 41294327, 41293953, 41293665, 41293678, 41293646, 41293933, 41294473, 41293905]",126,1724091591,Imgpls – An extension to load Imgur images directly,story,https://andadinosaur.com/launch-imgpls,
32,nqnielsen,13.0,41292633,"[41295394, 41294888, 41298246, 41292634]",119,1724086389,LLMs know more than what they say,story,https://arjunbansal.substack.com/p/llms-know-more-than-what-they-say,
33,ghostway,15.0,41296949,"[41298059, 41297626, 41298240, 41297297, 41298801]",138,1724129870,Phrack 71,story,http://phrack.org/issues/71/1.html,
34,thunderbong,52.0,41293850,"[41294150, 41294272, 41297717, 41296034, 41294879, 41294151, 41295601, 41297391, 41294414, 41294286, 41298014, 41294297, 41295055, 41298471]",248,1724095184,Netboot.xyz: your favorite operating systems in one place,story,https://netboot.xyz/,
35,steve8708,58.0,41295296,"[41298264, 41297150, 41297828, 41296727, 41296172, 41297313, 41298314, 41298038, 41298549, 41298279, 41298336, 41296850, 41298114, 41297974]",76,1724108511,Good Refactoring vs. Bad Refactoring,story,https://www.builder.io/blog/good-vs-bad-refactoring,
36,iscream26,24.0,41294332,"[41298786, 41294554, 41294665, 41295152, 41294586, 41294706, 41295446, 41294770, 41294668, 41295401]",84,1724099385,Cardinal – Virtual modular synthesizer plugin,story,https://cardinal.kx.studio/,
37,dakshgupta,17.0,41261711,"[41296098, 41296612, 41296102, 41261780]",53,1723765739,Searching a Codebase in English,story,https://www.greptile.com/blog/semantic,
38,amnonbc,15.0,41291470,"[41294427, 41293902, 41296784, 41294611, 41293915, 41295002]",71,1724078442,Optimizing global message transit latency: a journey through TCP configuration,story,https://ably.com/blog/optimizing-global-message-transit-latency-a-journey-through-tcp-configuration,
39,doppp,100.0,41296421,"[41296593, 41296592, 41297364, 41298300, 41296804, 41296577, 41297852, 41297573, 41297756, 41297477, 41297252, 41298560]",118,1724123671,"$50 2GB Raspberry Pi 5 comes with a lower price and a tweaked, cheaper CPU",story,https://arstechnica.com/gadgets/2024/08/new-2gb-raspberry-pi-5-option-knocks-the-price-down-to-50/,
40,olalonde,0.0,41295692,,9,1724113780,So you want to build an embedded Linux system?,story,https://jaycarlson.net/embedded-linux/,
41,fanf2,146.0,41289114,"[41290182, 41292116, 41291402, 41290555, 41289656, 41294017, 41289742, 41289694, 41290595, 41295884, 41292944, 41292075, 41290473, 41295353, 41289794, 41291005, 41290704, 41291887, 41295558, 41289754, 41289586, 41289701]",347,1724056923,Parsing protobuf at 2+GB/s: how I learned to love tail calls in C (2021),story,https://blog.reverberate.org/2021/04/21/musttail-efficient-interpreters.html,
42,Nydhal,103.0,41290409,"[41293180, 41292135, 41292731, 41292127, 41297396, 41291640, 41295458, 41292193, 41291248, 41297170, 41291844, 41294171, 41293963, 41296000, 41291403, 41292713, 41292295, 41291679, 41291897, 41295201, 41293363, 41290891, 41293059]",281,1724070189,Classifying all of the pdfs on the internet,story,https://snats.xyz/pages/articles/classifying_a_bunch_of_pdfs.html,
43,croes,1.0,41297980,[41298393],13,1724142164,The Atlantic is cooling at record speed and nobody knows why,story,https://www.newscientist.com/article/2444394-the-atlantic-is-cooling-at-record-speed-and-nobody-knows-why/,
44,gelstudios,4.0,41294822,"[41296574, 41295689]",51,1724103956,The oral history of the Dinosaur Input Device,story,https://vfxblog.com/dinosaurinputdevice/,
45,keepamovin,19.0,41266748,"[41293256, 41294475, 41293780, 41292676, 41293607, 41294973]",64,1723818415,Vaseline and Uranium Glass (ca. 1930s),story,https://www.orau.org/health-physics-museum/collection/consumer/glass/vaseline-uranium-glass.html,
46,ororm,0.0,41298113,,5,1724143596,Perspectives for first principles prompt engineering,story,https://huggingface.co/blog/KnutJaegersberg/first-principles-prompt-engineering,
47,m463,21.0,41297061,"[41297746, 41297599, 41297898, 41298846, 41298005, 41297973, 41297887, 41298135, 41298646]",31,1724131312,2024's Hugo Award Winners Announced,story,https://www.thehugoawards.org/hugo-history/2024-hugo-awards/,
48,todsacerdoti,0.0,41296202,,6,1724120664,Software Possession for Personal Use,story,https://olano.dev/blog/software-possession-for-personal-use/,
49,surprisetalk,2.0,41260076,[41296275],36,1723754059,Designing (Procedural) Monsters (2021) [video],story,https://www.youtube.com/watch?v=a87tB__3KEs,
50,emadda,39.0,41294490,"[41295111, 41295218, 41295419, 41296564, 41295665, 41298410, 41298226, 41295199, 41294993, 41294872, 41295203, 41294957]",60,1724100776,"Show HN: Robata, macOS window selector: put it on the grill",story,https://robata.app,"Hello HN,<p>This is a macOS app that allows you to see all your open windows on each monitor and select the one you want.<p>It also lets you view the current state of things like email or chat windows, terminal processes, and more.<p>You can use &quot;cmd&quot; and the key above the tab key for alt-tab like behaviour.<p>You can also toggle the UI by resting a finger on the corner of your trackpad.<p>I also wrote some dev details here:<p><a href=""https:&#x2F;&#x2F;madebyenzo.com&#x2F;#robata"" rel=""nofollow"">https:&#x2F;&#x2F;madebyenzo.com&#x2F;#robata</a>"
51,edran,212.0,41258932,"[41291414, 41291178, 41290814, 41288845, 41289834, 41292104, 41290911, 41295403, 41290379, 41294913, 41288917, 41298425, 41289379, 41292110, 41289724, 41289063, 41293866, 41290280, 41294724, 41291660, 41291649, 41291412, 41291290, 41289912, 41289698, 41289665, 41291480, 41294743, 41289321]",369,1723746126,Stripe's Monorepo Developer Environment,story,https://blog.nelhage.com/post/stripe-dev-environment/,
52,davexunit,4.0,41294254,"[41297187, 41297429, 41294330]",14,1724098655,JavaScript weakmaps should be iterable,story,https://wingolog.org/archives/2024/08/19/javascript-weakmaps-should-be-iterable,
53,wglb,0.0,41294559,,12,1724101293,Scientist performs the first nonlinear study of black hole mimickers,story,https://phys.org/news/2024-08-scientist-nonlinear-black-hole-mimickers.html,
54,hn_acker,61.0,41294354,"[41295794, 41295541, 41296021, 41294355, 41297431, 41295413, 41295736, 41296095, 41295565, 41295492, 41295327, 41295858, 41295990, 41296154, 41296266, 41295483]",110,1724099605,Appeals court finds California’s “Age Appropriate Design Code” unconstitutional,story,https://www.techdirt.com/2024/08/19/court-sees-through-californias-protect-the-children-ruse-strikes-down-kids-code/,
55,debo_,16.0,41290237,"[41292728, 41290983, 41290552, 41290559, 41297683, 41294912, 41291742, 41290612, 41292781, 41291806, 41290653, 41290720, 41290450]",113,1724068646,Bit-banging a BASIC Birthday,story,https://thingswemake.com/bit-banging-a-basic-birthday/,
56,bryanrasmussen,0.0,41282307,,7,1723988167,Page Turns: Literary Translations on the American Ballet Theater's Summer Stage,story,https://lithub.com/page-turns-on-literary-translations-on-the-american-ballet-theaters-summer-stage/,
57,jstrieb,62.0,41287031,"[41290493, 41289390, 41289610, 41295024, 41291473, 41289253, 41289244, 41290243, 41289342, 41294046, 41297013]",264,1724031065,FindMy Flipper – AirTag and SmartTag Emulator,story,https://github.com/MatthewKuKanich/FindMyFlipper,
58,Hooke,0.0,41268347,[41293685],16,1723828701,Behavioral Specialization During the Neolithic–An Evolutionary Model (2018),story,https://www.frontiersin.org/journals/sociology/articles/10.3389/fsoc.2018.00035/full,
59,edward,77.0,41282495,"[41282643, 41283050, 41290363, 41284326, 41282589, 41297463, 41282729, 41291637, 41283594, 41284088, 41282696, 41292081, 41288501, 41289225, 41282784, 41285446, 41285877, 41291358, 41285854, 41283328, 41284533, 41284722, 41293492, 41284742]",470,1723990310,"Dasel: Select, put and delete data from JSON, TOML, YAML, XML and CSV",story,https://github.com/TomWright/dasel,
60,janreges,2.0,41292651,[41297934],19,1724086522,Show HN: SiteOne Crawler – in-depth website analyzer and exporter (open-source),story,https://github.com/janreges/siteone-crawler,"Please try out this website analyzer and provide feedback on how to improve the output report so that you love the tool. In the first few sentences of the README you will also find a link to the GUI application if you don&#x27;t want the CLI. To give you an idea of the report, I am sending a sample HTML report for Apple.com - <a href=""https:&#x2F;&#x2F;crawler.siteone.io&#x2F;html&#x2F;2024-08-19&#x2F;forever&#x2F;v-bnb7tu5sefz0zdu-y3.html"" rel=""nofollow"">https:&#x2F;&#x2F;crawler.siteone.io&#x2F;html&#x2F;2024-08-19&#x2F;forever&#x2F;v-bnb7tu5...</a>"
61,Bluestein,539.0,41277014,"[41277640, 41277586, 41278065, 41280380, 41280757, 41277461, 41277956, 41277594, 41277590, 41291839, 41278171, 41278307, 41277899, 41277642, 41281839, 41278019, 41278166, 41278075, 41277951, 41285729, 41286772, 41279853, 41278574, 41278246, 41281580, 41277798, 41277455, 41280627, 41278446, 41279706, 41277823, 41278058, 41291466, 41290208, 41278111, 41280772, 41279763, 41282227, 41277924, 41281529, 41280308, 41281877, 41278826, 41280543, 41279765, 41281764, 41279553, 41278184, 41292868, 41277389, 41277582, 41278521, 41279235, 41281854, 41278455, 41278596, 41278282, 41280908, 41278285, 41279824, 41280609, 41282912, 41280142, 41278123, 41280338, 41278258, 41280671, 41278353, 41285659, 41282817, 41278203, 41279209, 41282910, 41277628]",1063,1723920996,"Mpv – A free, open-source, and cross-platform media player",story,https://mpv.io/,
62,savetz,20.0,41287425,"[41291694, 41290306, 41289788, 41294381, 41294228, 41291702, 41290496, 41290556, 41290716]",154,1724036572,"Archiving ""The Famous Computer Cafe""",story,https://blog.archive.org/2024/08/19/archiving-the-famous-computer-cafe/,
63,jeeybee,115.0,41284703,"[41298940, 41286459, 41285186, 41288745, 41286669, 41286219, 41285896, 41289553, 41289283, 41286200, 41289626, 41288868, 41285614, 41285740, 41287979, 41287419, 41285205, 41285037, 41288493, 41285713, 41291666, 41286456, 41286659, 41285787, 41292650, 41285422, 41288126]",360,1724008951,Show HN: PgQueuer – Transform PostgreSQL into a Job Queue,story,https://github.com/janbjorge/PgQueuer,"PgQueuer is a minimalist, high-performance job queue library for Python, leveraging the robustness of PostgreSQL. Designed for simplicity and efficiency, PgQueuer uses PostgreSQL&#x27;s LISTEN&#x2F;NOTIFY to manage job queues effortlessly."
64,TheCleric,86.0,41295957,"[41297049, 41296992, 41296192, 41297939, 41298355, 41297662, 41297942, 41297471, 41296226, 41297344, 41297684, 41296254, 41296810, 41298758]",115,1724116818,Procreate's anti-AI pledge attracts praise from digital creatives,story,https://www.theverge.com/2024/8/19/24223473/procreate-anti-generative-ai-pledge-digital-illustration-creatives,
65,gmays,2.0,41287326,"[41291780, 41294987]",50,1724035221,"The Charming, Eccentric, Blessed Life of Lee Maxwell",story,https://www.5280.com/the-charming-eccentric-blessed-life-of-lee-maxwell/,
66,deviscool,2.0,41294722,"[41294723, 41297781]",12,1724102976,MIT Admin framework extendable with TypeScript and Vue,story,https://adminforth.dev/,
67,Bluestein,8.0,41293974,[41294035],13,1724096266,The Return on the Bicameral Mind,story,https://www.aipolicyperspectives.com/p/the-return-on-the-bicameral-mind,
68,nixass,22.0,41282890,"[41292072, 41292604, 41292202, 41289496, 41296989, 41291967, 41289260]",76,1723994491,A Starter's guide on recovering damaged and rotten CDs,story,https://secnigma.wordpress.com/2022/05/08/a-guide-to-recovering-damaged-and-rotten-cds/,
69,SCUSKU,0.0,41295932,,5,1724116458,Show HN: Ezra Klein Books – Every Book Recommended on the Ezra Klein Show,story,https://www.ezrakleinbooks.com/,"Hey HN! If you&#x27;re a listener of the Ezra Klein Show podcast, you know he asks his guests 3 books they recommend. This side project catalogues all those books into a searchable and sortable list.<p>It was my first time hiring a designer from Upwork to do the design, and overall I&#x27;m pretty happy with how it turned out.<p>It&#x27;s built using django, htmx, alpinejs, and tailwind. Happy to hear any and all feedback! Thanks!"
70,netdcy,21.0,41289575,"[41289576, 41291842, 41291393, 41295618, 41291220]",54,1724062051,Show HN: FlowVision – Waterfall-Style Image Browser for macOS (Open-Source),story,https://github.com/netdcy/FlowVision,
71,lr0,28.0,41253409,"[41290220, 41287506, 41289604, 41291080, 41289921, 41290348, 41289602, 41293154, 41291843, 41288203, 41290290]",78,1723700795,The Quantum Butterfly Effect,story,https://discover.lanl.gov/publications/1663/2021-august/the-quantum-butterfly-effect/,
72,dannyobrien,62.0,41285851,"[41286225, 41286189, 41286650, 41286132, 41286407, 41286246, 41286290, 41286832, 41291510, 41290358, 41286410, 41291621, 41292677, 41286167, 41286198, 41286627, 41292383, 41286211, 41289337, 41287401, 41294053, 41286597, 41288395, 41289054, 41287699]",335,1724018186,Mike Mageek is dead,story,https://fudzilla.com/news/59503-mike-mageek-is-dead,
73,upmind,79.0,41278862,"[41282096, 41282392, 41291557, 41297526, 41296973, 41283348, 41284559, 41285292, 41288705, 41282396, 41286398, 41282110, 41287237, 41286195, 41282586]",193,1723936934,"I spent 2 years building my own game engine (Rust, WASM, WebGPU)",story,https://legendofworlds.com/blog/4,
74,RafelMri,65.0,41263928,"[41293317, 41292245, 41294269, 41290881, 41289830, 41293830, 41289855, 41290587, 41293530, 41290053, 41289929, 41289786, 41291166]",201,1723792497,Seven basic rules for causal inference,story,https://pedermisager.org/blog/seven_basic_rules_for_causal_inference/,
75,geerlingguy,418.0,41285046,"[41287294, 41286897, 41292221, 41286418, 41292205, 41291995, 41286364, 41290304, 41288739, 41291113, 41286462, 41291085, 41291987, 41295222, 41290036, 41291549, 41290234, 41288489, 41286560, 41293586, 41292182, 41292234, 41290035, 41293353, 41286957]",299,1724011780,NASA acknowledges it cannot quantify risk of Starliner propulsion issues,story,https://arstechnica.com/space/2024/08/nasa-acknowledges-it-cannot-quantify-risk-of-starliner-propulsion-issues/,
76,reichertjalex,1.0,41293219,[41293332],8,1724090601,On finishing projects,story,https://www.alexreichert.com/blog/finishing,
77,ashton314,1.0,41292360,[41296272],10,1724084490,Chrome and FF extension to edit any browser text field in an Emacs buffer,story,https://github.com/KarimAziev/chrome-emacs,
78,signa11,58.0,41271667,"[41285918, 41286128, 41289148, 41285817, 41289417, 41289574, 41286020]",58,1723857059,Linux Memory Overcommit (2007),story,http://opsmonkey.blogspot.com/2007/01/linux-memory-overcommit.html,
79,kaycebasques,4.0,41291345,"[41295872, 41295747]",14,1724077666,Caltrain's New Electric Trains,story,https://www.fastcompany.com/91174458/californias-new-electric-train-makes-for-a-shockingly-better-trip-we-tried-it,
80,tosh,247.0,41275920,"[41276702, 41277707, 41276373, 41276529, 41276890, 41276886, 41276443, 41276544, 41277695, 41276519, 41276679, 41278021, 41279301, 41279011, 41279579, 41284963, 41282567, 41280495, 41279958, 41277866, 41282864, 41279059, 41279833, 41279727, 41278265, 41276687, 41279869, 41280225, 41284139, 41276006, 41280363, 41278156, 41283181, 41277262, 41277377, 41284338, 41282014, 41277539, 41281770, 41278324, 41276876, 41277097, 41286402, 41278157, 41280995, 41276936, 41277298]",791,1723913987,"Magic Wormhole: get things from one computer to another, safely",story,https://github.com/magic-wormhole/magic-wormhole,
81,randomwalker,161.0,41294764,"[41295567, 41295503, 41295894, 41296137, 41296009, 41295320, 41295597, 41297192, 41295650, 41295516, 41295537, 41296509, 41295374, 41295234, 41295204, 41296416, 41295513, 41295607]",119,1724103270,AI companies are pivoting from creating gods to building products,story,https://www.aisnakeoil.com/p/ai-companies-are-pivoting-from-creating,
82,obvthroaway,68.0,41292674,"[41295110, 41296188, 41298158, 41295732, 41295564, 41298310, 41292901, 41294612, 41296355, 41296417, 41296565, 41293286, 41295170, 41295948, 41294811, 41296050, 41294343, 41295377, 41296684, 41296680, 41296199, 41295598, 41296170]",85,1724086744,Ask HN: How do you work as a tech lead?,story,,"This is a blanket question.
I am working with a team of junior engineers, 1-3 yrs in experience.
We have been assigned a project that is to be delivered in phases till end of Q1, 2025.
Main things that I want to know about are:<p>1. How do you interface with your team (and how frequently)?<p>2. How do you interface with your manager (and how frequently)?<p>3. Do you have some recurring meetings? What is their cadence?<p>4. How do you take care of documentation?<p>5. How do you ensure that you have time to work on your sprint tasks while context switching?<p>6. How do you ensure everyone is moving in the same&#x2F;correct direction?"
83,hippough,61.0,41283497,"[41284400, 41284511, 41290028, 41284328, 41283850, 41298166, 41285642, 41284436, 41284550, 41296463, 41286109, 41296321, 41295003, 41286333, 41294598, 41288942, 41287261, 41286826, 41284962, 41291008, 41297685, 41285128, 41287875, 41286473, 41287032, 41284389, 41284432, 41288553, 41287183, 41286098, 41294616, 41286701, 41284231]",98,1724000171,Show HN: I Made a Website for Problems,story,https://www.theproblemplatform.com/,"Hey everyone! While searching for entrepreneurial ideas on various sites, I noticed there wasn’t a dedicated space for finding and discussing real-world problems that need solving. That’s why I created the Problem Platform—a place where we can share, explore, and tackle problems together. Check it out!"
84,ravirajx7,0.0,41291990,,6,1724082162,Boosting Jackson's Serialization Performance with Quarkus,story,https://quarkus.io/blog/quarkus-metaprogramming/,
85,todsacerdoti,219.0,41286203,"[41287805, 41287416, 41287084, 41287566, 41287062, 41287250, 41287082, 41287279, 41287465, 41289434, 41287397, 41286911, 41286414, 41287057, 41292140, 41287659, 41290068, 41287690, 41288137, 41287094, 41287987, 41287056, 41290657, 41287135, 41288848, 41290123, 41287107, 41288519, 41290279, 41292559, 41290558, 41294759, 41288754, 41287615, 41288279, 41288716, 41287174, 41288828, 41291533, 41288697, 41295360, 41289013, 41286892, 41292994, 41287391, 41288564, 41292657, 41289180, 41288924, 41295093, 41291146, 41289903, 41287718, 41293493, 41289024, 41290003, 41295250, 41289127, 41289695, 41287916, 41293535, 41288081, 41288007]",503,1724021557,Markov chains are funnier than LLMs,story,https://emnudge.dev/blog/markov-chains-are-funny/,
86,o_nate,179.0,41292827,"[41293994, 41293568, 41294012, 41293214, 41293616, 41294486, 41293512, 41294329, 41296240, 41293099, 41293268, 41293832, 41294760, 41295688, 41294695, 41294070, 41293660, 41293686, 41294052, 41295865, 41294371, 41293270, 41293121, 41294769, 41294112, 41294511]",152,1724087995,Homebound: The Long-Term Rise in Time Spent at Home Among U.S. Adults,story,https://sociologicalscience.com/articles-v11-20-553/,
87,svpcom,3.0,41293934,"[41298085, 41294417, 41296295]",10,1724095969,Show HN: WFB-ng – long range high speed link for drones and robotics,story,https://github.com/svpcom/wfb-ng/releases/tag/wfb-ng-24.08,WFB-ng release 24.08 is out. This is a core transport protocol used by OpenIPC FPV
88,ijidak,10.0,41295147,"[41296310, 41296018, 41296943, 41297072, 41296346, 41298019, 41297200]",24,1724107003,Amazon Makes You Pay More for Everything (2023),story,https://www.youtube.com/watch?v=Wxl_lO15Ocg,
89,xal,106.0,41284409,"[41284853, 41284616, 41286704, 41290703, 41285177, 41287366, 41285095, 41285188, 41285574, 41285993, 41295125, 41285361, 41290886, 41286933, 41285519, 41287327, 41285562, 41287191, 41285245, 41284845]",253,1724006862,Algorithms we develop software by,story,https://grantslatton.com/software-pathfinding,
90,miles,299.0,41275846,"[41276507, 41276531, 41281416, 41280699, 41281410, 41276640, 41276476, 41281185, 41277540, 41276796, 41276852, 41278329, 41278607, 41293027, 41280656, 41277090, 41280532, 41280099, 41281210, 41277986, 41279844, 41280233, 41280931, 41287833, 41282653, 41280947, 41289661, 41283989, 41284000, 41282853, 41277811, 41279934, 41281372, 41276892, 41282706, 41280272, 41282587, 41280761, 41282322, 41280022]",482,1723913494,"Flaw has Microsoft Authenticator overwriting MFA accounts, locking users out",story,https://www.csoonline.com/article/3480918/design-flaw-has-microsoft-authenticator-overwriting-mfa-accounts-locking-users-out.html,
91,chmaynard,23.0,41265839,"[41296086, 41280978, 41283027, 41290312, 41282470]",111,1723811890,"Abel, the Mozart of Mathematics",story,https://www.privatdozent.co/p/abel-the-mozart-of-mathematics,
92,PaulHoule,2.0,41296065,[41296413],18,1724118319,The ribosome lowers the entropic penalty of protein folding,story,https://www.nature.com/articles/s41586-024-07784-4,
93,ChadNauseam,3.0,41292312,"[41292701, 41292320, 41292322]",7,1724084190,Staring into the abyss as a core life skill (2022),story,https://www.benkuhn.net/abyss/,
94,heavyset_go,10.0,41295976,"[41296478, 41296072]",20,1724117085,Tesla semi-truck fire prompts I80 closure in CA as hazmat response halts traffic,story,https://www.cbsnews.com/sacramento/news/i80-sierra-big-rig-fire-closure-emigrant-gap/,
95,Intralexical,18.0,41284235,"[41285518, 41285646, 41285320, 41285760, 41285086, 41284243]",142,1724005739,Debugging operating systems with time-traveling virtual machines (2005) [pdf],story,https://www.usenix.org/legacy/events/usenix05/tech/general/king/king.pdf,
96,bookofjoe,1.0,41293299,[41293306],6,1724091031,The Physics of Cold Water May Have Jump-Started Complex Life,story,https://www.wired.com/story/the-physics-of-cold-water-may-have-jump-started-complex-life/,
97,mooreds,23.0,41294509,"[41295103, 41295838, 41298462, 41295376, 41296606, 41295363, 41298180, 41295399]",61,1724100899,Late Again,story,https://randsinrepose.com/archives/late-again/,
98,1vuio0pswjnm7,84.0,41296152,"[41296662, 41296550, 41296573, 41296220, 41296578, 41296789, 41296969, 41296611, 41296791, 41296854, 41297839, 41296533, 41296764, 41297098, 41297137]",60,1724119772,"GM to Cut More Than 1k Software Engineers, Mostly in US",story,https://webcache.googleusercontent.com/search?q=cache:https://www.bloomberg.com/news/articles/2024-08-19/gm-to-cut-more-than-1-000-software-engineers-mostly-in-the-us,
99,perihelions,43.0,41271248,"[41288271, 41293861, 41288761, 41288162, 41293899, 41292907, 41291496, 41292069, 41295596, 41295705, 41288729, 41293417, 41291335, 41289658, 41290561, 41291217, 41292820, 41293870, 41291924]",101,1723850560,How high speed fiber optic internet cables are made,story,https://www.washingtonpost.com/business/interactive/2024/fiber-optic-cables-made-materials-high-speed-internet/,
