id,name,created_at,product_category
1,Licensed Cotton Fish,2024-10-13T11:32:27.966Z,Computers
2,Sleek Rubber Bike,2016-12-05T23:50:52.247Z,Computers
3,Incredible Granite Cheese,2016-09-23T04:43:11.552Z,Computers
4,Fantastic Granite Bacon,2017-06-10T12:24:04.779Z,Phones
5,Incredible Granite Bacon,2022-09-08T15:07:06.392Z,Beauty
6,Incredible Granite Cheese,2024-01-24T10:53:53.647Z,Computers
7,Sleek Soft Chicken,2019-06-18T16:42:19.093Z,Home
8,Incredible Fresh Chicken,2019-04-11T10:21:49.983Z,Toys
9,Tasty Frozen Ball,2022-11-17T14:45:37.825Z,Sports
10,Sleek Metal Shirt,2017-01-02T11:31:18.619Z,Beauty
11,Incredible Granite Cheese,2020-06-28T13:44:42.213Z,Home
12,Gorgeous Plastic Bike,2022-10-11T13:25:06.632Z,Clothing
13,Generic Wooden Pizza,2023-10-10T20:54:22.920Z,Jewellery
14,Rustic Soft Fish,2018-01-27T08:43:25.267Z,Jewellery
15,Rustic Metal Towels,2018-09-22T01:50:24.329Z,Sports
16,Rustic Soft Fish,2019-09-07T05:42:38.425Z,Home
17,Sleek Soft Chicken,2022-08-11T04:32:25.938Z,Computers
18,Handcrafted Rubber Chicken,2017-12-30T14:44:39.349Z,Toys
19,Gorgeous Plastic Gloves,2017-03-07T06:05:48.569Z,Electronics
20,Handcrafted Frozen Table,2022-09-13T15:05:19.941Z,Phones
21,Practical Concrete Car,2016-04-04T23:26:30.279Z,Home
22,Tasty Soft Chicken,2019-02-25T19:46:18.150Z,Jewellery
23,Tasty Plastic Salad,2023-05-10T03:31:44.390Z,Clothing
24,Unbranded Wooden Mouse,2017-11-15T15:25:23.003Z,Watches
25,Licensed Cotton Fish,2022-11-23T00:34:30.271Z,Sports
26,Refined Rubber Pants,2020-05-08T05:32:56.333Z,Electronics
27,Handmade Wooden Chicken,2023-07-14T07:00:01.076Z,Watches
28,Rustic Granite Gloves,2016-07-18T01:37:57.177Z,Jewellery
29,Incredible Frozen Chips,2022-09-09T11:25:38.664Z,Jewellery
30,Fantastic Frozen Chips,2023-07-28T00:36:29.135Z,Phones
31,Rustic Fresh Computer,2022-03-03T07:17:37.784Z,Phones
32,Handmade Concrete Keyboard,2021-04-24T13:56:48.392Z,Watches
33,Gorgeous Cotton Sausages,2022-09-20T15:02:57.562Z,Jewellery
34,Generic Wooden Pizza,2024-05-04T12:54:58.889Z,Clothing
35,Gorgeous Cotton Computer,2019-10-03T22:10:48.663Z,Toys
36,Sleek Metal Shirt,2019-10-09T15:16:05.956Z,Computers
37,Awesome Soft Salad,2018-02-17T19:00:01.601Z,Toys
38,Practical Plastic Ball,2018-02-04T02:24:03.003Z,Watches
39,Refined Cotton Towels,2020-06-15T05:32:59.848Z,Sports
40,Incredible Soft Salad,2022-04-08T08:25:08.797Z,Watches
41,Practical Concrete Hat,2022-10-29T18:56:46.653Z,Computers
42,Practical Plastic Chair,2024-08-21T01:30:42.280Z,Clothing
43,Tasty Frozen Ball,2019-10-19T13:13:20.073Z,Electronics
44,Incredible Fresh Chicken,2020-02-21T18:41:38.552Z,Watches
45,Fantastic Rubber Shirt,2022-02-26T02:28:07.630Z,Jewellery
46,Practical Fresh Keyboard,2020-07-25T06:20:34.117Z,Toys
47,Intelligent Rubber Pants,2019-05-06T21:53:10.290Z,Watches
48,Rustic Soft Fish,2021-11-16T16:30:38.429Z,Computers
49,Practical Concrete Car,2017-06-12T00:55:12.880Z,Computers
50,Handmade Wooden Chicken,2020-05-12T18:31:08.179Z,Phones
51,Refined Concrete Cheese,2024-07-18T02:04:31.975Z,Toys
52,Tasty Frozen Ball,2017-11-01T01:25:33.680Z,Clothing
53,Handcrafted Frozen Soap,2022-10-03T22:33:42.627Z,Watches
54,Licensed Cotton Fish,2018-10-30T16:34:37.219Z,Watches
55,Intelligent Wooden Mouse,2019-04-29T02:46:48.265Z,Computers
56,Tasty Rubber Mouse,2016-11-22T02:44:30.727Z,Beauty
57,Gorgeous Cotton Gloves,2021-07-03T11:34:18.672Z,Phones
58,Incredible Soft Salad,2016-04-10T11:25:09.960Z,Phones
59,Refined Granite Fish,2022-06-19T16:39:45.632Z,Beauty
60,Licensed Metal Chicken,2017-09-01T23:54:57.194Z,Watches
61,Gorgeous Cotton Gloves,2016-09-17T06:45:49.624Z,Watches
62,Sleek Wooden Towels,2022-09-27T16:19:53.671Z,Beauty
63,Fantastic Rubber Shirt,2020-04-02T14:12:41.152Z,Jewellery
64,Tasty Plastic Mouse,2024-05-14T19:06:36.300Z,Toys
65,Intelligent Wooden Mouse,2024-04-19T09:15:37.738Z,Sports
66,Gorgeous Cotton Sausages,2024-09-02T11:38:22.654Z,Beauty
67,Fantastic Granite Pizza,2016-06-14T18:49:21.208Z,Beauty
68,Awesome Fresh Keyboard,2016-08-12T08:33:17.879Z,Electronics
69,Tasty Soft Chicken,2020-07-12T14:52:30.174Z,Beauty
70,Intelligent Soft Car,2016-01-20T19:27:19.916Z,Home
71,Handmade Wooden Gloves,2018-02-07T15:51:11.602Z,Jewellery
72,Awesome Wooden Pizza,2024-04-26T14:17:01.179Z,Jewellery
73,Sleek Rubber Chair,2017-05-19T19:20:07.838Z,Computers
74,Awesome Fresh Keyboard,2020-05-17T11:16:14.228Z,Watches
75,Refined Granite Fish,2023-01-07T16:59:47.516Z,Clothing
76,Generic Fresh Keyboard,2019-07-02T15:44:12.934Z,Phones
77,Licensed Cotton Fish,2024-05-03T11:49:55.062Z,Toys
78,Generic Metal Pants,2022-06-09T23:32:51.278Z,Electronics
79,Sleek Wooden Towels,2017-12-10T11:55:51.681Z,Electronics
80,Small Fresh Pants,2021-08-12T22:01:02.892Z,Phones
81,Tasty Plastic Salad,2024-10-06T06:14:10.483Z,Computers
82,Practical Plastic Chair,2019-12-26T06:27:03.839Z,Phones
83,Incredible Plastic Chair,2019-06-04T07:28:34.996Z,Watches
84,Incredible Granite Cheese,2024-05-03T21:02:49.819Z,Watches
85,Licensed Plastic Tuna,2017-03-10T19:50:50.056Z,Computers
86,Gorgeous Cotton Gloves,2024-04-13T22:16:39.119Z,Beauty
87,Sleek Soft Chicken,2024-04-24T08:17:40.612Z,Jewellery
88,Fantastic Frozen Pants,2020-01-17T07:20:03.138Z,Home
89,Handcrafted Frozen Table,2024-01-13T12:50:55.202Z,Jewellery
90,Refined Fresh Car,2018-10-08T13:25:45.147Z,Jewellery
91,Tasty Plastic Salad,2018-06-05T04:54:12.770Z,Jewellery
92,Tasty Rubber Mouse,2020-06-06T19:35:52.805Z,Home
93,Gorgeous Cotton Sausages,2022-01-17T00:55:55.483Z,Toys
94,Tasty Rubber Mouse,2018-02-04T17:30:25.512Z,Jewellery
95,Gorgeous Cotton Sausages,2018-01-18T21:39:28.435Z,Toys
96,Handcrafted Rubber Chicken,2019-03-26T04:26:47.123Z,Home
97,Handmade Wooden Soap,2019-06-10T21:31:59.762Z,Clothing
98,Handmade Wooden Gloves,2021-04-08T19:39:56.467Z,Phones
99,Generic Wooden Gloves,2017-08-01T08:46:32.528Z,Sports
100,Gorgeous Cotton Gloves,2020-09-18T16:02:42.787Z,Home